route,purpose,indexation,primary_intent,primary_keyword,ads_eligible,organic_owner,status,canonical_strategy,sitemap,priority,notes
/,brand_commercial,index,commercial,integração audiovisual corporativa,yes,/,existing_fix,self,yes,P0,"Semantic H1 required; primary navigation to solution clusters"
/solucoes/,commercial_hub,index,commercial,soluções audiovisuais corporativas,yes,/solucoes/,existing_strengthen,self,yes,P0,"Hub must expose crawlable contextual links to major solutions"
/solucoes/audiovisual/,organic_commercial,index,commercial,integração audiovisual corporativa,yes,/solucoes/audiovisual/,existing_strengthen,self,yes,P0,"Broad commercial owner; do not create a duplicate integration route"
/solucoes/sala-reuniao-hibrida-sao-paulo/,organic_commercial,index,commercial,sala de reunião híbrida,yes,/solucoes/sala-reuniao-hibrida-sao-paulo/,existing_preserve,self,yes,P0,"Preserve until GSC migration analysis; repair title/H1"
/solucoes/microsoft-teams-rooms/,organic_commercial,index,commercial,Microsoft Teams Rooms,yes,/solucoes/microsoft-teams-rooms/,candidate_new,self,yes,P0,"Create only with substantive vendor-specific engineering content and evidence"
/solucoes/videowall/,organic_commercial,index,commercial,videowall corporativo,yes,/solucoes/videowall/,candidate_new,self,yes,P0,"Primary ATIV videowall integration page; contextual links to Easywall and VideowallBR"
/solucoes/centro-comando-controle-noc-soc-sao-paulo/,organic_commercial,index,commercial,centro de comando e controle,yes,/solucoes/centro-comando-controle-noc-soc-sao-paulo/,existing_preserve,self,yes,P0,"Preserve; contextual Easywall link where software layer is discussed"
/solucoes/auditorio-corporativo-sao-paulo/,organic_commercial,index,commercial,sistema audiovisual para auditório,yes,/solucoes/auditorio-corporativo-sao-paulo/,existing_preserve,self,yes,P0,"Preserve; repair metadata/H1 and evidence claims"
/solucoes/governo-tribunais-sao-paulo/,organic_commercial,index,government_procurement,sistema audiovisual para tribunal,yes,/solucoes/governo-tribunais-sao-paulo/,existing_preserve,self,yes,P0,"Own tribunal/plenary solution intent"
/solucoes/av-over-ip/,organic_commercial,index,commercial,AV over IP,yes,/solucoes/av-over-ip/,candidate_new,self,yes,P1,"Commercial solution page distinct from informational guides"
/solucoes/automacao-controle/,organic_commercial,index,commercial,automação audiovisual,yes,/solucoes/automacao-controle/,existing_strengthen,self,yes,P1,"Fix metadata/H1 before paid use"
/setores/,sector_index,index,commercial,integração audiovisual por setor,yes,/setores/,existing_strengthen,self,yes,P1,"Existing inventory URL; draft surface stays noindex until approved"
/setores/corporativo/,sector_hub,index,commercial,audiovisual corporativo,yes,/setores/corporativo/,existing_expand,self,yes,P0,"Decision hub; link to rooms/auditorium/videowall/UC instead of duplicating them"
/setores/governo/,sector_hub,index,government_procurement,integração audiovisual para governo,yes,/setores/governo/,existing_expand,self,yes,P0,"Broad public-sector authority hub; link to tribunal/plenary solution"
/servicos/consultoria-engenharia/,organic_service,index,commercial,engenharia audiovisual,yes,/servicos/consultoria-engenharia/,existing_strengthen,self,yes,P1,"Owner for engineering/project/specification intent"
/servicos/suporte-manutencao/,organic_service,index,commercial,manutenção audiovisual corporativa,yes,/servicos/suporte-manutencao/,existing_strengthen,self,yes,P0,"Owner for maintenance/support intent"
/insights/,editorial_hub,index,informational,conteúdo técnico audiovisual,no,/insights/,existing_strengthen,self,yes,P1,"Topic clusters and contextual commercial links"
/insights/video-wall-gestao/,editorial,index,informational,gestão de videowall,no,/insights/video-wall-gestao/,existing_build_cluster,self,yes,P0,"Bridge to ATIV videowall solution; contextual Easywall/VideowallBR references"
/insights/av-over-ip-guia-completo-infraestrutura-rede/,editorial_pillar,index,informational,AV over IP guia completo,no,/insights/av-over-ip-guia-completo-infraestrutura-rede/,existing_measure,self,yes,P1,"Potential pillar after cannibalization analysis"
/insights/av-over-ip-fundamentos/,editorial_support,index,informational,AV over IP fundamentos,no,/insights/av-over-ip-fundamentos/,existing_measure,self,yes,P1,"Do not merge/redirect before GSC and backlink analysis"
/sobre/,company,index,navigational,ATIV audiovisual,no,/sobre/,existing_preserve,self,yes,P1,"Keep existing URL; company name is ATIV; history, team and certifications require Claim Registry evidence"
/contato/,contact,index,transactional,contato integradora audiovisual,yes,/contato/,existing_preserve,self,yes,P0,"Keep existing URL; never republish placeholder phone; verified contact data and lead endpoint are later gates"
/lp/integracao-audiovisual-corporativa/,paid_landing,noindex_follow,transactional,integração audiovisual corporativa,yes,/solucoes/audiovisual/,candidate_paid,self_or_none,no,P0,"Dedicated conversion variant; unique useful content; AdsBot allowed; never doorway-indexed"
/lp/salas-reuniao-hibridas/,paid_landing,noindex_follow,transactional,sala de reunião híbrida,yes,/solucoes/sala-reuniao-hibrida-sao-paulo/,candidate_paid,self_or_none,no,P0,"Message-match ad groups; preserve main-domain final destination"
/lp/microsoft-teams-rooms/,paid_landing,noindex_follow,transactional,Microsoft Teams Rooms,yes,/solucoes/microsoft-teams-rooms/,candidate_paid,self_or_none,no,P0,"Only advertise claims/certifications that are verified"
/lp/videowall-centro-comando/,paid_landing,noindex_follow,transactional,videowall centro de comando,yes,/solucoes/videowall/,candidate_paid,self_or_none,no,P0,"Can serve videowall/NOC ad groups with dynamic copy only when content remains useful and truthful"
/lp/auditorios-corporativos/,paid_landing,noindex_follow,transactional,sistema audiovisual para auditório,yes,/solucoes/auditorio-corporativo-sao-paulo/,candidate_paid,self_or_none,no,P0,"High intent; clear scope, evidence, CTA and contact identity"
/lp/governo-tribunais/,paid_landing,noindex_follow,transactional,sistema audiovisual para governo e tribunais,yes,/solucoes/governo-tribunais-sao-paulo/,candidate_paid,self_or_none,no,P0,"Procurement-safe language; no unsupported customer/contract claims"
/lp/manutencao-suporte-av/,paid_landing,noindex_follow,transactional,manutenção audiovisual corporativa,yes,/servicos/suporte-manutencao/,candidate_paid,self_or_none,no,P0,"SLA claims only after Claim Registry verification"
/lp/engenharia-audiovisual/,paid_landing,noindex_follow,transactional,engenharia audiovisual,yes,/servicos/consultoria-engenharia/,candidate_paid,self_or_none,no,P1,"Lead form tailored to project stage and technical scope"
/lp/av-over-ip/,paid_landing,noindex_follow,transactional,AV over IP,yes,/solucoes/av-over-ip/,candidate_paid,self_or_none,no,P1,"Use only if campaign demand justifies dedicated conversion variant"
/lp/automacao-audiovisual/,paid_landing,noindex_follow,transactional,automação audiovisual,yes,/solucoes/automacao-controle/,candidate_paid,self_or_none,no,P1,"No mass city variants; use campaign/query parameters for attribution"
